[
  {
    "id": "ashok_leyland",
    "type": "vehicle",
    "title": "Ashok Leyland Bus",
    "thumbnail": "https://raw.githubusercontent.com/amnihal/testRepo/main/vehicles/ashok_leyland/thumbnail.jpg",
    "modJson": "https://raw.githubusercontent.com/amnihal/testRepo/main/vehicles/ashok_leyland/mod.json"
  },
  {
    "id": "ksrtc_green",
    "type": "livery",
    "title": "KSRTC Green Livery",
    "thumbnail": "https://raw.githubusercontent.com/amnihal/testRepo/main/liveries/ksrtc_green/preview.jpg",
    "modJson": "https://raw.githubusercontent.com/amnihal/testRepo/main/liveries/ksrtc_green/mod.json"
  }
]
